{"count":1,"self":45.445616,"total":46.960409399999996,"children":{"InitializeActuators":{"count":4,"self":0.00050619999999999994,"total":0.00050619999999999994,"children":null},"InitializeSensors":{"count":4,"self":0.0009992,"total":0.0009992,"children":null},"AgentSendState":{"count":2109,"self":0.0071572999999999993,"total":1.4926431,"children":{"CollectObservations":{"count":1688,"self":0,"total":0,"children":null},"WriteActionMask":{"count":1688,"self":0.0010804999999999999,"total":0.0010804999999999999,"children":null},"RequestDecision":{"count":1688,"self":0.0050087,"total":1.4844053,"children":{"CameraSensor.GetCompressedObservation":{"count":1688,"self":1.4793965999999998,"total":1.4793965999999998,"children":null}}}}},"DecideAction":{"count":2109,"self":0.012544699999999999,"total":0.012544699999999999,"children":null},"AgentAct":{"count":2109,"self":0.0081012999999999988,"total":0.0081012999999999988,"children":null}},"gauges":{},"metadata":{"timer_format_version":"0.1.0","start_time_seconds":"1704930876","unity_version":"2022.3.4f1","command_line_arguments":"C:\\Program Files\\Unity\\Hub\\Editor\\2022.3.4f1\\Editor\\Unity.exe -projectpath Y:\\Drive\\My_Drive\\folder\\Unity_Projects\\Auto_Space-shooter-2D_ML_Agents -useHub -hubIPC -cloudEnvironment production","communication_protocol_version":"1.5.0","com.unity.ml-agents_version":"2.3.0-exp.3","scene_name":"game","end_time_seconds":"1704930923"}}